City,Prefecture,Region
Chiba,Chiba,Kantō
Chōshi,Chiba,Kantō
Ichikawa,Chiba,Kantō
Funabashi,Chiba,Kantō
Tateyama,Chiba,Kantō
Kisarazu,Chiba,Kantō
Matsudo,Chiba,Kantō
Noda,Chiba,Kantō
Mobara,Chiba,Kantō
Narita,Chiba,Kantō
Sakura,Chiba,Kantō
Tōgane,Chiba,Kantō
Narashino,Chiba,Kantō
Kashiwa,Chiba,Kantō
Katsuura,Chiba,Kantō
Ichihara,Chiba,Kantō
Nagareyama,Chiba,Kantō
Yachiyo,Chiba,Kantō
Abiko,Chiba,Kantō
Kamagaya,Chiba,Kantō
Kimitsu,Chiba,Kantō
Futtsu,Chiba,Kantō
Urayasu,Chiba,Kantō
Yotsukaidō,Chiba,Kantō
Sodegaura,Chiba,Kantō
Yachimata,Chiba,Kantō
Inzai,Chiba,Kantō
Shiroi,Chiba,Kantō
Tomisato,Chiba,Kantō
Kamogawa,Chiba,Kantō
Asahi,Chiba,Kantō
Isumi,Chiba,Kantō
Sōsa,Chiba,Kantō
Minamibōsō,Chiba,Kantō
Katori,Chiba,Kantō
Sanmu,Chiba,Kantō
Maebashi,Gunma,Kantō
Takasaki,Gunma,Kantō
Kiryū,Gunma,Kantō
Isesaki,Gunma,Kantō
Ōta,Gunma,Kantō
Numata,Gunma,Kantō
Tatebayashi,Gunma,Kantō
Fujioka,Gunma,Kantō
Shibukawa,Gunma,Kantō
Annaka,Gunma,Kantō
Tomioka,Gunma,Kantō
Midori,Gunma,Kantō
Kobe,Hyōgo,Kansai
Himeji,Hyōgo,Kansai
Amagasaki,Hyōgo,Kansai
Akashi,Hyōgo,Kansai
Nishinomiya,Hyōgo,Kansai
Ashiya,Hyōgo,Kansai
Itami,Hyōgo,Kansai
Aioi,Hyōgo,Kansai
Toyooka,Hyōgo,Kansai
Kakogawa,Hyōgo,Kansai
Akō,Hyōgo,Kansai
Takarazuka,Hyōgo,Kansai
Miki,Hyōgo,Kansai
Takasago,Hyōgo,Kansai
Kawanishi,Hyōgo,Kansai
Ono,Hyōgo,Kansai
Sanda,Hyōgo,Kansai
Kasai,Hyōgo,Kansai
Sasayama,Hyōgo,Kansai
Yabu,Hyōgo,Kansai
Tamba,Hyōgo,Kansai
Minamiawaji,Hyōgo,Kansai
Asago,Hyōgo,Kansai
Awaji,Hyōgo,Kansai
Shisō,Hyōgo,Kansai
Nishiwaki,Hyōgo,Kansai
Tatsuno,Hyōgo,Kansai
Sumoto,Hyōgo,Kansai
Katō,Hyōgo,Kansai
Mito,Ibaraki,Kantō
Hitachi,Ibaraki,Kantō
Tsuchiura,Ibaraki,Kantō
Yūki,Ibaraki,Kantō
Ryūgasaki,Ibaraki,Kantō
Shimotsuma,Ibaraki,Kantō
Jōsō,Ibaraki,Kantō
Hitachiōta,Ibaraki,Kantō
Takahagi,Ibaraki,Kantō
Kitaibaraki,Ibaraki,Kantō
Toride,Ibaraki,Kantō
Ushiku,Ibaraki,Kantō
Tsukuba,Ibaraki,Kantō
Hitachinaka,Ibaraki,Kantō
Kashima,Ibaraki,Kantō
Itako,Ibaraki,Kantō
Moriya,Ibaraki,Kantō
Hitachiōmiya,Ibaraki,Kantō
Naka,Ibaraki,Kantō
Bandō,Ibaraki,Kantō
Inashiki,Ibaraki,Kantō
Chikusei,Ibaraki,Kantō
Kasumigaura,Ibaraki,Kantō
Kamisu,Ibaraki,Kantō
Namegata,Ibaraki,Kantō
Koga,Ibaraki,Kantō
Ishioka,Ibaraki,Kantō
Sakuragawa,Ibaraki,Kantō
Hokota,Ibaraki,Kantō
Kasama,Ibaraki,Kantō
Tsukubamirai,Ibaraki,Kantō
Omitama,Ibaraki,Kantō
Yokohama,Kanagawa,Kantō
Yokosuka,Kanagawa,Kantō
Kawasaki,Kanagawa,Kantō
Hiratsuka,Kanagawa,Kantō
Kamakura,Kanagawa,Kantō
Fujisawa,Kanagawa,Kantō
Odawara,Kanagawa,Kantō
Chigasaki,Kanagawa,Kantō
Zushi,Kanagawa,Kantō
Sagamihara,Kanagawa,Kantō
Miura,Kanagawa,Kantō
Hadano,Kanagawa,Kantō
Atsugi,Kanagawa,Kantō
Yamato,Kanagawa,Kantō
Isehara,Kanagawa,Kantō
Ebina,Kanagawa,Kantō
Zama,Kanagawa,Kantō
Minamiashigara,Kanagawa,Kantō
Ayase,Kanagawa,Kantō
Kyoto,Kyoto,Kansai
Fukuchiyama,Kyoto,Kansai
Maizuru,Kyoto,Kansai
Ayabe,Kyoto,Kansai
Uji,Kyoto,Kansai
Miyazu,Kyoto,Kansai
Kameoka,Kyoto,Kansai
Jōyō,Kyoto,Kansai
Mukō,Kyoto,Kansai
Nagaokakyō,Kyoto,Kansai
Yawata,Kyoto,Kansai
Kyōtanabe,Kyoto,Kansai
Kyōtango,Kyoto,Kansai
Nantan,Kyoto,Kansai
Kizugawa,Kyoto,Kansai
Yokkaichi,Mie,Kansai
Matsusaka,Mie,Kansai
Kuwana,Mie,Kansai
Suzuka,Mie,Kansai
Nabari,Mie,Kansai
Owase,Mie,Kansai
Kameyama,Mie,Kansai
Toba,Mie,Kansai
Inabe,Mie,Kansai
Shima,Mie,Kansai
Iga,Mie,Kansai
Ise,Mie,Kansai
Kumano,Mie,Kansai
Tsu,Mie,Kansai
Nara,Nara,Kansai
Yamatotakada,Nara,Kansai
Yamatokōriyama,Nara,Kansai
Tenri,Nara,Kansai
Kashihara,Nara,Kansai
Sakurai,Nara,Kansai
Gojō,Nara,Kansai
Gose,Nara,Kansai
Ikoma,Nara,Kansai
Kashiba,Nara,Kansai
Katsuragi,Nara,Kansai
Uda,Nara,Kansai
Osaka,Osaka,Kansai
Sakai,Osaka,Kansai
Kishiwada,Osaka,Kansai
Toyonaka,Osaka,Kansai
Ikeda,Osaka,Kansai
Suita,Osaka,Kansai
Izumiōtsu,Osaka,Kansai
Takatsuki,Osaka,Kansai
Kaizuka,Osaka,Kansai
Moriguchi,Osaka,Kansai
Hirakata,Osaka,Kansai
Ibaraki,Osaka,Kansai
Yao,Osaka,Kansai
Izumisano,Osaka,Kansai
Tondabayashi,Osaka,Kansai
Neyagawa,Osaka,Kansai
Kawachinagano,Osaka,Kansai
Matsubara,Osaka,Kansai
Daitō,Osaka,Kansai
Izumi,Osaka,Kansai
Minoh,Osaka,Kansai
Kashiwara,Osaka,Kansai
Habikino,Osaka,Kansai
Kadoma,Osaka,Kansai
Settsu,Osaka,Kansai
Takaishi,Osaka,Kansai
Fujiidera,Osaka,Kansai
Higashiōsaka,Osaka,Kansai
Sennan,Osaka,Kansai
Shijōnawate,Osaka,Kansai
Katano,Osaka,Kansai
Ōsakasayama,Osaka,Kansai
Hannan,Osaka,Kansai
Kawagoe,Saitama,Kantō
Kawaguchi,Saitama,Kantō
Gyōda,Saitama,Kantō
Chichibu,Saitama,Kantō
Tokorozawa,Saitama,Kantō
Hannō,Saitama,Kantō
Kazo,Saitama,Kantō
Higashimatsuyama,Saitama,Kantō
Sayama,Saitama,Kantō
Hanyū,Saitama,Kantō
Kōnosu,Saitama,Kantō
Ageo,Saitama,Kantō
Sōka,Saitama,Kantō
Koshigaya,Saitama,Kantō
Warabi,Saitama,Kantō
Toda,Saitama,Kantō
Iruma,Saitama,Kantō
Asaka,Saitama,Kantō
Shiki,Saitama,Kantō
Wakō,Saitama,Kantō
Niiza,Saitama,Kantō
Okegawa,Saitama,Kantō
Kuki,Saitama,Kantō
Kitamoto,Saitama,Kantō
Yashio,Saitama,Kantō
Fujimi,Saitama,Kantō
Misato,Saitama,Kantō
Hasuda,Saitama,Kantō
Sakado,Saitama,Kantō
Satte,Saitama,Kantō
Tsurugashima,Saitama,Kantō
Hidaka,Saitama,Kantō
Yoshikawa,Saitama,Kantō
Saitama,Saitama,Kantō
Kumagaya,Saitama,Kantō
Kasukabe,Saitama,Kantō
Fujimino,Saitama,Kantō
Fukaya,Saitama,Kantō
Honjō,Saitama,Kantō
Ōtsu,Shiga,Kansai
Hikone,Shiga,Kansai
Ōmihachiman,Shiga,Kansai
Kusatsu,Shiga,Kansai
Moriyama,Shiga,Kansai
Rittō,Shiga,Kansai
Kōka,Shiga,Kansai
Yasu,Shiga,Kansai
Konan,Shiga,Kansai
Takashima,Shiga,Kansai
Higashiōmi,Shiga,Kansai
Maibara,Shiga,Kansai
Nagahama,Shiga,Kansai
Utsunomiya,Tochigi,Kantō
Ashikaga,Tochigi,Kantō
Tochigi,Tochigi,Kantō
Kanuma,Tochigi,Kantō
Oyama,Tochigi,Kantō
Mooka,Tochigi,Kantō
Ōtawara,Tochigi,Kantō
Yaita,Tochigi,Kantō
Nasushiobara,Tochigi,Kantō
Sano,Tochigi,Kantō
Sakura,Tochigi,Kantō
Nasukarasuyama,Tochigi,Kantō
Shimotsuke,Tochigi,Kantō
Nikkō,Tochigi,Kantō
Hachiōji,Tokyo,Kantō
Tachikawa,Tokyo,Kantō
Musashino,Tokyo,Kantō
Mitaka,Tokyo,Kantō
Ōme,Tokyo,Kantō
Fuchū,Tokyo,Kantō
Akishima,Tokyo,Kantō
Chōfu,Tokyo,Kantō
Machida,Tokyo,Kantō
Koganei,Tokyo,Kantō
Kodaira,Tokyo,Kantō
Hino,Tokyo,Kantō
Higashimurayama,Tokyo,Kantō
Kokubunji,Tokyo,Kantō
Kunitachi,Tokyo,Kantō
Fussa,Tokyo,Kantō
Komae,Tokyo,Kantō
Higashiyamato,Tokyo,Kantō
Kiyose,Tokyo,Kantō
Higashikurume,Tokyo,Kantō
Musashimurayama,Tokyo,Kantō
Tama,Tokyo,Kantō
Inagi,Tokyo,Kantō
Hamura,Tokyo,Kantō
Akiruno,Tokyo,Kantō
Nishitōkyō,Tokyo,Kantō
Adachi,Tokyo,Kantō
Arakawa,Tokyo,Kantō
Bunkyo,Tokyo,Kantō
Chiyoda,Tokyo,Kantō
Chūō,Tokyo,Kantō
Edogawa,Tokyo,Kantō
Itabashi,Tokyo,Kantō
Katsushika,Tokyo,Kantō
Kita,Tokyo,Kantō
Koto,Tokyo,Kantō
Meguro,Tokyo,Kantō
Minato,Tokyo,Kantō
Nakano,Tokyo,Kantō
Nerima,Tokyo,Kantō
Ōta,Tokyo,Kantō
Setagaya,Tokyo,Kantō
Shibuya,Tokyo,Kantō
Shinagawa,Tokyo,Kantō
Shinjuku,Tokyo,Kantō
Suginami,Tokyo,Kantō
Sumida,Tokyo,Kantō
Taitō,Tokyo,Kantō
Toshima,Tokyo,Kantō
Wakayama,Wakayama,Kansai
Kainan,Wakayama,Kansai
Tanabe,Wakayama,Kansai
Gobō,Wakayama,Kansai
Arida,Wakayama,Kansai
Shingū,Wakayama,Kansai
Kinokawa,Wakayama,Kansai
Hashimoto,Wakayama,Kansai
Iwade,Wakayama,Kansai